username,url
Flexcart1,https://twitter.com/Flexcart1
DRiteGuy4U65,https://twitter.com/DRiteGuy4U65
PurpleDragon123,https://twitter.com/PurpleDragon123
retailbum,https://twitter.com/retailbum
HMADKOUR3,https://twitter.com/HMADKOUR3
strek4504,https://twitter.com/strek4504
KezaKhiq,https://twitter.com/KezaKhiq
slina_new,https://twitter.com/slina_new
Alexx4444445,https://twitter.com/Alexx4444445
ASMRmoneystaxxx,https://twitter.com/ASMRmoneystaxxx
Sauri1861,https://twitter.com/Sauri1861
MargarethaMadi1,https://twitter.com/MargarethaMadi1
florencelaz,https://twitter.com/florencelaz
at8lbi,https://twitter.com/at8lbi
Soyasauce2006,https://twitter.com/Soyasauce2006
AyaHamd16272167,https://twitter.com/AyaHamd16272167
DuxmanLuv,https://twitter.com/DuxmanLuv
CrimeMuscleGod,https://twitter.com/CrimeMuscleGod
littlepoo65,https://twitter.com/littlepoo65
BlacksCaprice,https://twitter.com/BlacksCaprice
TREaglesfan,https://twitter.com/TREaglesfan
scgnft,https://twitter.com/scgnft
SourApp05487273,https://twitter.com/SourApp05487273
MayaNixon3,https://twitter.com/MayaNixon3
Pessi_Troen123,https://twitter.com/Pessi_Troen123
RamamoorthySab1,https://twitter.com/RamamoorthySab1
jnncrtr,https://twitter.com/jnncrtr
hopfendeli,https://twitter.com/hopfendeli
TheEmyGoesTo,https://twitter.com/TheEmyGoesTo
RPGAfrica,https://twitter.com/RPGAfrica
SunocoAll,https://twitter.com/SunocoAll
susanlopez8518,https://twitter.com/susanlopez8518
DaddyMontana3,https://twitter.com/DaddyMontana3
MrsLisaDDavis1,https://twitter.com/MrsLisaDDavis1
Zuki_Fu6,https://twitter.com/Zuki_Fu6
Daniell01149573,https://twitter.com/Daniell01149573
MsDemiTasse,https://twitter.com/MsDemiTasse
ProtocolDC,https://twitter.com/ProtocolDC
Adamorr22,https://twitter.com/Adamorr22
WFWrestlingIndy,https://twitter.com/WFWrestlingIndy
Deynaaa6,https://twitter.com/Deynaaa6
sldisnfkshf,https://twitter.com/sldisnfkshf
mcg_pk,https://twitter.com/mcg_pk
nobbycollection,https://twitter.com/nobbycollection
fahath_mansur,https://twitter.com/fahath_mansur
salama747,https://twitter.com/salama747
MrRogerLStewar2,https://twitter.com/MrRogerLStewar2
kreuzer_shannon,https://twitter.com/kreuzer_shannon
kristychaney43,https://twitter.com/kristychaney43
LeagueOfLegends,https://twitter.com/LeagueOfLegends
ToniBro87090546,https://twitter.com/ToniBro87090546
MarcelR76477069,https://twitter.com/MarcelR76477069
Samiliketoplay1,https://twitter.com/Samiliketoplay1
DENZELAFRICAAA,https://twitter.com/DENZELAFRICAAA
mdrahim4u,https://twitter.com/mdrahim4u
angiedepue,https://twitter.com/angiedepue
xCollat,https://twitter.com/xCollat
dogs_dt,https://twitter.com/dogs_dt
rockyrowland88,https://twitter.com/rockyrowland88
RodneyPierreJu1,https://twitter.com/RodneyPierreJu1
sarahanker25,https://twitter.com/sarahanker25
fuschiafinches,https://twitter.com/fuschiafinches
alemac96610244,https://twitter.com/alemac96610244
Jaysunabc123,https://twitter.com/Jaysunabc123
naanyametease,https://twitter.com/naanyametease
StevenOPrice,https://twitter.com/StevenOPrice
Mawane37578896,https://twitter.com/Mawane37578896
HorticulturalK,https://twitter.com/HorticulturalK
ASRai24991816,https://twitter.com/ASRai24991816
TheBilawal,https://twitter.com/TheBilawal
Yousef06288864,https://twitter.com/Yousef06288864
Sam33890621,https://twitter.com/Sam33890621
Alberto06674849,https://twitter.com/Alberto06674849
PANOSDELAD,https://twitter.com/PANOSDELAD
shifted_2_earth,https://twitter.com/shifted_2_earth
harding_gwen,https://twitter.com/harding_gwen
Cookiesarelifu5,https://twitter.com/Cookiesarelifu5
blancabb25,https://twitter.com/blancabb25
FrankWork8,https://twitter.com/FrankWork8
IamGh0xt,https://twitter.com/IamGh0xt
MiguelS55822191,https://twitter.com/MiguelS55822191
dogeboy35,https://twitter.com/dogeboy35
Loveknuckle1,https://twitter.com/Loveknuckle1
AaliyahWhitmo18,https://twitter.com/AaliyahWhitmo18
mia11122260,https://twitter.com/mia11122260
FozKnows,https://twitter.com/FozKnows
FelipeAraujoFS,https://twitter.com/FelipeAraujoFS
AmbonMichelle,https://twitter.com/AmbonMichelle
amelialord,https://twitter.com/amelialord
BreeKaley,https://twitter.com/BreeKaley
Deborah15292207,https://twitter.com/Deborah15292207
MOOnMondae,https://twitter.com/MOOnMondae
lokiccat,https://twitter.com/lokiccat
lazythefox,https://twitter.com/lazythefox
primecutBBQ2020,https://twitter.com/primecutBBQ2020
Iamahoosiertoo,https://twitter.com/Iamahoosiertoo
RdeSa9,https://twitter.com/RdeSa9
thamizhdravidam,https://twitter.com/thamizhdravidam
djembadje,https://twitter.com/djembadje
MuhammadIshaqu4,https://twitter.com/MuhammadIshaqu4
FTC17009,https://twitter.com/FTC17009
waz_nick,https://twitter.com/waz_nick
Macar3na_23,https://twitter.com/Macar3na_23
Stephan54456822,https://twitter.com/Stephan54456822
ClayLemonade,https://twitter.com/ClayLemonade
RobinChadwick8,https://twitter.com/RobinChadwick8
FireLizarde,https://twitter.com/FireLizarde
Texican2950,https://twitter.com/Texican2950
Moncefessid1,https://twitter.com/Moncefessid1
luis_villages,https://twitter.com/luis_villages
LN2X4,https://twitter.com/LN2X4
ShanteT11,https://twitter.com/ShanteT11
Chiefsauce5,https://twitter.com/Chiefsauce5
Milo90401892,https://twitter.com/Milo90401892
jonahwickham1,https://twitter.com/jonahwickham1
Creepersrock24G,https://twitter.com/Creepersrock24G
cars_zozo,https://twitter.com/cars_zozo
cecevatea,https://twitter.com/cecevatea
kJz9CJQvqpdqT3R,https://twitter.com/kJz9CJQvqpdqT3R
F3nrico,https://twitter.com/F3nrico
ChadWag66489155,https://twitter.com/ChadWag66489155
abdlerohman,https://twitter.com/abdlerohman
1957_buick,https://twitter.com/1957_buick
Carissas__Wierd,https://twitter.com/Carissas__Wierd
TERPENE_PIRATE,https://twitter.com/TERPENE_PIRATE
GoodLinus,https://twitter.com/GoodLinus
HentLord,https://twitter.com/HentLord
izoo0705514141,https://twitter.com/izoo0705514141
FedericoLavagn1,https://twitter.com/FedericoLavagn1
tpgimmegimme,https://twitter.com/tpgimmegimme
davidblog2,https://twitter.com/davidblog2
HoussamSaidani9,https://twitter.com/HoussamSaidani9
BigCheeseKIT,https://twitter.com/BigCheeseKIT
johnathangrigg4,https://twitter.com/johnathangrigg4
itskathym,https://twitter.com/itskathym
MarkBray68,https://twitter.com/MarkBray68
LabanKimeli1,https://twitter.com/LabanKimeli1
CecilySilver,https://twitter.com/CecilySilver
AlexandriaCoxT1,https://twitter.com/AlexandriaCoxT1
Stephma80,https://twitter.com/Stephma80
RefreshGuam,https://twitter.com/RefreshGuam
mimilan75,https://twitter.com/mimilan75
TongyaoGOAT,https://twitter.com/TongyaoGOAT
workmruss,https://twitter.com/workmruss
taimynelao,https://twitter.com/taimynelao
JosephGreenle10,https://twitter.com/JosephGreenle10
emilie_boulat,https://twitter.com/emilie_boulat
melihbasavci,https://twitter.com/melihbasavci
MzNisha11,https://twitter.com/MzNisha11
Andy97348314,https://twitter.com/Andy97348314
Bapsbocspooner1,https://twitter.com/Bapsbocspooner1
pxokiller,https://twitter.com/pxokiller
jp_lizzy,https://twitter.com/jp_lizzy
ikristiann_,https://twitter.com/ikristiann_
motion_dusty,https://twitter.com/motion_dusty
PrashantBafna,https://twitter.com/PrashantBafna
qurashi_shawaiz,https://twitter.com/qurashi_shawaiz
birdsnbunnies,https://twitter.com/birdsnbunnies
BlueCrossGirl1,https://twitter.com/BlueCrossGirl1
Clov3r11,https://twitter.com/Clov3r11
mppack42,https://twitter.com/mppack42
Shron446,https://twitter.com/Shron446
BHalo525,https://twitter.com/BHalo525
elisesmith1119,https://twitter.com/elisesmith1119
jamesmjay,https://twitter.com/jamesmjay
jr_vermander,https://twitter.com/jr_vermander
Michael81307718,https://twitter.com/Michael81307718
RAF3RAF3,https://twitter.com/RAF3RAF3
jinsang4u,https://twitter.com/jinsang4u
Icha1967,https://twitter.com/Icha1967
IWaterswan,https://twitter.com/IWaterswan
Adam73322260,https://twitter.com/Adam73322260
therooksfamily,https://twitter.com/therooksfamily
Aftaab94469820,https://twitter.com/Aftaab94469820
G33KGamerGirl,https://twitter.com/G33KGamerGirl
souravsahoo666,https://twitter.com/souravsahoo666
ryu3_happy_road,https://twitter.com/ryu3_happy_road
sneaxfnbrr,https://twitter.com/sneaxfnbrr
Zanrz1,https://twitter.com/Zanrz1
AidenMc47018731,https://twitter.com/AidenMc47018731
Yousef76252453,https://twitter.com/Yousef76252453
boomoperatormom,https://twitter.com/boomoperatormom
momto4laws,https://twitter.com/momto4laws
Alecas02017493,https://twitter.com/Alecas02017493
MagicallyKim,https://twitter.com/MagicallyKim
ChocoFactory23,https://twitter.com/ChocoFactory23
JasminALKhuras2,https://twitter.com/JasminALKhuras2
JWesalowski,https://twitter.com/JWesalowski
WilliamSmalleyW,https://twitter.com/WilliamSmalleyW
IshaniPerera15,https://twitter.com/IshaniPerera15
kalimulqueen,https://twitter.com/kalimulqueen
land2312,https://twitter.com/land2312
MaryLoc00035900,https://twitter.com/MaryLoc00035900
DanOgutu10,https://twitter.com/DanOgutu10
HolidaiPalmer,https://twitter.com/HolidaiPalmer
DrewsPrincess07,https://twitter.com/DrewsPrincess07
Palesa94725780,https://twitter.com/Palesa94725780
AmyMorgenstern2,https://twitter.com/AmyMorgenstern2
LoveEllo_,https://twitter.com/LoveEllo_
JesusKingofLove,https://twitter.com/JesusKingofLove
_thenun,https://twitter.com/_thenun
Neymy19,https://twitter.com/Neymy19
fiaeroYaktoooo8,https://twitter.com/fiaeroYaktoooo8
racontagedevie2,https://twitter.com/racontagedevie2
MBergyt,https://twitter.com/MBergyt
asuarius723,https://twitter.com/asuarius723
kariswigart,https://twitter.com/kariswigart
WinnJanaida1,https://twitter.com/WinnJanaida1
Vikingwhorre,https://twitter.com/Vikingwhorre
AElkhdawy,https://twitter.com/AElkhdawy
Shalu19211942,https://twitter.com/Shalu19211942
iano_boss,https://twitter.com/iano_boss
NerovrHD,https://twitter.com/NerovrHD
EdithPutnam2,https://twitter.com/EdithPutnam2
Daniel1963947,https://twitter.com/Daniel1963947
_Bliss_sssss,https://twitter.com/_Bliss_sssss
britneyjasghari,https://twitter.com/britneyjasghari
13chiahao,https://twitter.com/13chiahao
lisamarie_aw,https://twitter.com/lisamarie_aw
emam_dr,https://twitter.com/emam_dr
riveraabner9,https://twitter.com/riveraabner9
DinaKin23031747,https://twitter.com/DinaKin23031747
ZekeTheMonkey5,https://twitter.com/ZekeTheMonkey5
threeJacksSuper,https://twitter.com/threeJacksSuper
AZBrainFreeze,https://twitter.com/AZBrainFreeze
SNolen1989,https://twitter.com/SNolen1989
IsratJahanJuth8,https://twitter.com/IsratJahanJuth8
PeterMa42952828,https://twitter.com/PeterMa42952828
fenrir_1994,https://twitter.com/fenrir_1994
dhanushsurya21,https://twitter.com/dhanushsurya21
dino538,https://twitter.com/dino538
JackZha63277866,https://twitter.com/JackZha63277866
honeybaek048,https://twitter.com/honeybaek048
Fujiforker,https://twitter.com/Fujiforker
NW861117,https://twitter.com/NW861117
JennyKeefe5,https://twitter.com/JennyKeefe5
VistonTea,https://twitter.com/VistonTea
Guilher77001945,https://twitter.com/Guilher77001945
elnes_l,https://twitter.com/elnes_l
_blade_kitty_,https://twitter.com/_blade_kitty_
diymom6,https://twitter.com/diymom6
Jdoge13,https://twitter.com/Jdoge13
LeamonArthur,https://twitter.com/LeamonArthur
Aug2008618,https://twitter.com/Aug2008618
AMSgov,https://twitter.com/AMSgov
putchapula,https://twitter.com/putchapula
Nana72198764,https://twitter.com/Nana72198764
FABLE_AO,https://twitter.com/FABLE_AO
loganharrill_,https://twitter.com/loganharrill_
tinarmeyran,https://twitter.com/tinarmeyran
JaiCuster5,https://twitter.com/JaiCuster5
anggeee913,https://twitter.com/anggeee913
Olliver_1994,https://twitter.com/Olliver_1994
athensmcyt,https://twitter.com/athensmcyt
Skydanc127,https://twitter.com/Skydanc127
DustinW66302107,https://twitter.com/DustinW66302107
promiseO13,https://twitter.com/promiseO13
BBavithram,https://twitter.com/BBavithram
BesigwaL,https://twitter.com/BesigwaL
JackTWhitlock,https://twitter.com/JackTWhitlock
itsfisayomi5413,https://twitter.com/itsfisayomi5413
CherylGilmartin,https://twitter.com/CherylGilmartin
MShadow91,https://twitter.com/MShadow91
goofyassmffs,https://twitter.com/goofyassmffs
godhathperished,https://twitter.com/godhathperished
VIIC60,https://twitter.com/VIIC60
dvasgu,https://twitter.com/dvasgu
wenyjackson,https://twitter.com/wenyjackson
Michael00898778,https://twitter.com/Michael00898778
Penelopedawkin1,https://twitter.com/Penelopedawkin1
didehdals2022,https://twitter.com/didehdals2022
Bruce19662,https://twitter.com/Bruce19662
gamberge____,https://twitter.com/gamberge____
David807893651,https://twitter.com/David807893651
Pamela712980852,https://twitter.com/Pamela712980852
Power_Sao7,https://twitter.com/Power_Sao7
AimeeInMIA,https://twitter.com/AimeeInMIA
andres_muzzio,https://twitter.com/andres_muzzio
BrianCa16122178,https://twitter.com/BrianCa16122178
GraphicHome8,https://twitter.com/GraphicHome8
eminent_tea,https://twitter.com/eminent_tea
MdRubelRm,https://twitter.com/MdRubelRm
Deliberator101,https://twitter.com/Deliberator101
rj_simson,https://twitter.com/rj_simson
BlessedIcon2,https://twitter.com/BlessedIcon2
BalbinoJeovane,https://twitter.com/BalbinoJeovane
salahalsobehe_,https://twitter.com/salahalsobehe_
Lum_Invaderr,https://twitter.com/Lum_Invaderr
KHALIDSAMI0114,https://twitter.com/KHALIDSAMI0114
slut4howl,https://twitter.com/slut4howl
0CROWNEDZ,https://twitter.com/0CROWNEDZ
slhenry81,https://twitter.com/slhenry81
AdemAbrahim20,https://twitter.com/AdemAbrahim20
ethereum_cards,https://twitter.com/ethereum_cards
Pro_tyler_23,https://twitter.com/Pro_tyler_23
LautaroSandy,https://twitter.com/LautaroSandy
Sibel05144286,https://twitter.com/Sibel05144286
Farcry5AUYR,https://twitter.com/Farcry5AUYR
mad_squimpin,https://twitter.com/mad_squimpin
RogueSquadron65,https://twitter.com/RogueSquadron65
SandraPuff75,https://twitter.com/SandraPuff75
EmmaStailing,https://twitter.com/EmmaStailing
DestineeAngel2,https://twitter.com/DestineeAngel2
ahmedmo29200312,https://twitter.com/ahmedmo29200312
Laxziz602,https://twitter.com/Laxziz602
NgomsonFarm,https://twitter.com/NgomsonFarm
sorosokey2,https://twitter.com/sorosokey2
Jane95592135,https://twitter.com/Jane95592135
AlidaXxi,https://twitter.com/AlidaXxi
TheKiddAP,https://twitter.com/TheKiddAP
tron2589,https://twitter.com/tron2589
FMcmasterson,https://twitter.com/FMcmasterson
BeeBarnett18,https://twitter.com/BeeBarnett18
WalterL30927282,https://twitter.com/WalterL30927282
japankarlas1,https://twitter.com/japankarlas1
vietnam_tea,https://twitter.com/vietnam_tea
Arnoldvopolent1,https://twitter.com/Arnoldvopolent1
COROIGABRIELA,https://twitter.com/COROIGABRIELA
NardiaTrish,https://twitter.com/NardiaTrish
ShehinImran9,https://twitter.com/ShehinImran9
WildaMo36243784,https://twitter.com/WildaMo36243784
Deborah76074627,https://twitter.com/Deborah76074627
amolkamble2162,https://twitter.com/amolkamble2162
keiii63825611,https://twitter.com/keiii63825611
Peep97308926,https://twitter.com/Peep97308926
Kazaya88,https://twitter.com/Kazaya88
MrandrewA1,https://twitter.com/MrandrewA1
ddlvto9,https://twitter.com/ddlvto9
AlexRabehl2,https://twitter.com/AlexRabehl2
Shakeryoussefab,https://twitter.com/Shakeryoussefab
JameswarMahasu1,https://twitter.com/JameswarMahasu1
Ilovedo30100338,https://twitter.com/Ilovedo30100338
RakibHa16992141,https://twitter.com/RakibHa16992141
PalashC82792071,https://twitter.com/PalashC82792071
ManoneetKohli,https://twitter.com/ManoneetKohli
UI99493120,https://twitter.com/UI99493120
spring_lexy,https://twitter.com/spring_lexy
Teresa28466727,https://twitter.com/Teresa28466727
jiatlas,https://twitter.com/jiatlas
WW7563650742,https://twitter.com/WW7563650742
TheRussian716,https://twitter.com/TheRussian716
Jim41531416,https://twitter.com/Jim41531416
Fael__Martins,https://twitter.com/Fael__Martins
ZezoElngar5,https://twitter.com/ZezoElngar5
cpanda6,https://twitter.com/cpanda6
THEMAGPIE49,https://twitter.com/THEMAGPIE49
JuniorB85593556,https://twitter.com/JuniorB85593556
mix_skiez,https://twitter.com/mix_skiez
YGMyAlterEgo403,https://twitter.com/YGMyAlterEgo403
